题目,Flag,一血获得者,组别,提交时间
†签到†,/,雫るる是爱吃一德格拉米 #一把一米诺！,,2022-11-19 12:01:05
小北问答 · 极速版,/,lucifer1004,,2022-11-19 13:55:20
小北问答 · 极速版,及格摆烂,ZelKnow,,2022-11-19 12:33:43
小北问答 · 极速版,满分卷王,lucifer1004,,2022-11-19 13:55:20
编原译理习题课,/,Cinnabar #二泉映月.wav,,2022-11-19 12:48:21
编原译理习题课,玩挺大,雫るる是爱吃一德格拉米 #一把一米诺！,,2022-11-19 12:14:41
编原译理习题课,玩挺长,雫るる是爱吃一德格拉米 #一把一米诺！,,2022-11-19 12:06:23
编原译理习题课,玩挺花,Cinnabar #二泉映月.wav,,2022-11-19 12:48:21
Flag Checker,/,zhn #尽力局,,2022-11-20 13:04:46
Flag Checker,Flag 1,NumbersLie #电脑爆炸了,,2022-11-20 12:08:58
Flag Checker,Flag 2,zhn #尽力局,,2022-11-20 13:04:46
智慧检测器,/,NumbersLie #电脑爆炸了,,2022-11-19 14:44:51
智慧检测器,破坏者,wwj #作业写不完啦,（新生）,2022-11-19 12:33:57
智慧检测器,调停者,NumbersLie #电脑爆炸了,,2022-11-19 14:44:51
我用108天录了个音,/,Leo_h #_#,,2022-11-24 12:20:38
我用108天录了个音,一吨重的奖章,zhn #尽力局,,2022-11-19 22:18:23
我用108天录了个音,两吨重的奖章,Leo_h #_#,,2022-11-24 12:20:38
小Z的服务器,/,gzz,,2022-11-22 15:30:42
小Z的服务器,Flag 1,gzz,,2022-11-22 03:00:26
小Z的服务器,Flag 2,gzz,,2022-11-22 15:30:42
企鹅文档,/,Polygon #别卷辣别卷辣,,2022-11-20 13:43:33
给钱不要！,/,xtlsoft,（新生）,2022-11-19 14:10:31
给钱不要！,要钱不给！！,xtlsoft,（新生）,2022-11-19 14:10:31
给钱不要！,信息不漏！！！,xtlsoft,（新生）,2022-11-19 13:13:38
私有笔记,/,xyz,,2022-11-20 05:06:56
私有笔记,知识，与你分享,xtlsoft,（新生）,2022-11-19 20:19:28
私有笔记,来我家做客吧,xyz,,2022-11-20 05:06:56
企业级理解,/,xtlsoft,（新生）,2022-11-19 18:14:48
企业级理解,赋能管理后台,xtlsoft,（新生）,2022-11-19 17:43:32
企业级理解,盘活业务增长,xtlsoft,（新生）,2022-11-19 18:07:33
企业级理解,打通整个系统,xtlsoft,（新生）,2022-11-19 18:14:48
这也能卷,/, ,,2022-11-21 22:32:04
这也能卷,Flag · 摆,wwj #作业写不完啦,（新生）,2022-11-19 21:24:13
这也能卷,Flag · 大,xtlsoft,（新生）,2022-11-20 01:09:51
这也能卷,Flag · 烂, ,,2022-11-21 22:32:04
简单题,/,31415,,2022-11-19 22:36:23
TTOWRSS,/,31415,,2022-11-19 16:48:06
次世代立方计算机,/,31415,,2022-11-22 11:59:48
混淆器,/,gzz,,2022-11-25 23:49:42
编原译理习题课 · 实验班,/,wwx,,2022-11-20 22:05:11
编原译理习题课 · 实验班,Flag 1,pkuGenuine,,2022-11-20 18:11:56
编原译理习题课 · 实验班,Flag 2,wwx,,2022-11-20 22:05:11
381654729,/,wwj #作业写不完啦,（新生）,2022-11-19 20:26:08
乱码还原,/,Jahoo #记住你了,,2022-11-19 18:02:24
乱码还原,Flag 1,好想做--ATP--小姐的狗啊,,2022-11-19 14:52:14
乱码还原,Flag 2,Jahoo #记住你了,,2022-11-19 18:02:24
奇怪的加密,/,NumbersLie #电脑爆炸了,,2022-11-19 20:45:24
奇怪的加密,Flag 1,NumbersLie #电脑爆炸了,,2022-11-19 17:12:59
奇怪的加密,Flag 2,NumbersLie #电脑爆炸了,,2022-11-19 20:45:24
扫雷 II,/,WaterKing #好耶！,,2022-11-21 12:17:43
扫雷 II,Flag 1,WaterKing #好耶！,,2022-11-20 20:57:38
扫雷 II,Flag 2,WaterKing #好耶！,,2022-11-21 01:28:36
扫雷 II,Flag 3,WaterKing #好耶！,,2022-11-21 12:17:43
方程组,/,nxp #这是一个tag,,2022-11-22 00:03:46
方程组,Flag 1,好想做--ATP--小姐的狗啊,,2022-11-20 12:10:44
方程组,Flag 2,好想做--ATP--小姐的狗啊,,2022-11-20 13:22:48
方程组,Flag 3,nxp #这是一个tag,,2022-11-21 22:38:26
