åæ¬¡,æ˜µç§°,ç»„åˆ«,æ€»åˆ†,æœ€åæäº¤æ—¶é—´
1,wwx,,4668,2022-11-23 21:25:05
2,pkuGenuine,,4328,2022-11-25 23:36:12
3,31415,,3885,2022-11-24 08:32:45
4,gzz,,3821,2022-11-25 23:49:42
5,Ginwiahzy,,3582,2022-11-25 13:30:09
6,zhn #å°½åŠ›å±€,,3413,2022-11-26 00:50:58
7,Cinnabar #äºŒæ³‰æ˜ æœˆ.wav,,3409,2022-11-26 06:45:37
8,Jahoo #è®°ä½ä½ äº†,,3298,2022-11-24 23:34:59
9,ç‹æ‘bugless #èºº,,3273,2022-11-26 07:24:36
10,lucifer1004,,3239,2022-11-25 21:59:34
11,nxp #è¿™æ˜¯ä¸€ä¸ªtag,,3199,2022-11-25 21:29:03
12,wwzzj #æ€ä¹ˆåœ¨åå­—åé¢æ‰“tagï¼Ÿ,,3181,2022-11-25 22:11:07
13,WaterKing #å¥½è€¶ï¼,,3049,2022-11-25 11:05:26
14,DF4D0155 #å…³è¥¿æš´èµ°æœºå…³è½¦å•æ¨ä¸­,,3049,2022-11-26 11:50:27
15,Leo_h #_#,,3021,2022-11-26 11:46:39
16,outerform #è¢«ç»æ€äº†,,2890,2022-11-25 22:53:35
17,xyz,,2827,2022-11-24 00:43:18
18,wwj #ä½œä¸šå†™ä¸å®Œå•¦,ï¼ˆæ–°ç”Ÿï¼‰,2696,2022-11-24 14:29:30
19,Ribom #æ˜å¹´å†è§äº†ä½³äººä»¬,,2547,2022-11-26 03:57:02
20,xtlsoft,ï¼ˆæ–°ç”Ÿï¼‰,2524,2022-11-20 17:32:09
21,NumbersLie #ç”µè„‘çˆ†ç‚¸äº†,,2411,2022-11-25 12:11:10
22,nynauy,,2368,2022-11-25 15:01:58
23,kinami #ç»„ä¼šï¼Œæˆ‘çš„ç»„ä¼š,,2297,2022-11-26 01:12:22
24,é›«ã‚‹ã‚‹æ˜¯çˆ±åƒä¸€å¾·æ ¼æ‹‰ç±³ #ä¸€æŠŠä¸€ç±³è¯ºï¼,,2229,2022-11-26 11:08:41
25,kfc2333 #æ˜¯åŠ äº•å·å°±å¯ä»¥äº†å—ï¼Ÿ,ï¼ˆæ–°ç”Ÿï¼‰,2200,2022-11-24 08:28:04
26,Kumbaya,,2199,2022-11-25 14:44:43
27,hylz #å¹¿å‘Šä½æ‹›ç§Ÿ#,ï¼ˆå¥³ç”Ÿï¼‰,2164,2022-11-26 00:55:42
28,Arimase,,2159,2022-11-25 04:14:55
29,dywen,,2116,2022-11-26 10:54:40
30,Polygon #åˆ«å·è¾£åˆ«å·è¾£,,2106,2022-11-26 11:12:58
31,Scheiren,,2080,2022-11-26 02:54:07
32,koala,,1923,2022-11-26 11:56:09
33,DeleteMemory,,1755,2022-11-24 14:10:52
34,letsmile #æœŸä¸­è€ƒè¯•è¦å¯„äº†,ï¼ˆå¥³ç”Ÿï¼‰,1668,2022-11-24 23:25:16
35,intlsy #é«˜ç­‰ä»£æ•°æˆ‘æ·¦ä½ *,,1602,2022-11-24 12:24:27
36,pthsm,,1596,2022-11-24 21:18:20
37,Marvin,,1579,2022-11-26 03:27:28
38,æ†,,1534,2022-11-24 16:06:56
39,ğŸ›ˆ,,1465,2022-11-24 13:31:43
40,æœ€åçš„ede #å¤±è´¥çš„man,,1406,2022-11-23 21:10:14
41,test #å¼€æ‘†,,1401,2022-11-25 08:58:43
42, ,,1352,2022-11-23 21:03:24
43,12f23eddde #å…³æ³¨%sè°¢è°¢å–µ,,1314,2022-11-26 04:52:11
44,DylanWR,,1290,2022-11-25 23:56:23
45,house_fz #æœ‰æ²¡æœ‰äººæ•™æˆ‘ä»£æ•°å‡ ä½•,,1271,2022-11-25 23:13:29
46,rikukiix #ä»Šå¹´çš„å¤§å®¶éƒ½å¥½å‰å®³,,1189,2022-11-21 16:00:27
47,fyxçš„è¿·å¦¹å¤©å›¢,,1176,2022-11-26 04:09:03
48,gospursgo #æ–‡ç­äºšé©¬ï¼,,1155,2022-11-25 17:41:00
49,Poppi #å“‡åŸæ¥å¯ä»¥æ”¹id,ï¼ˆæ–°ç”Ÿï¼‰,1067,2022-11-24 15:50:29
50,å®®åœ’ã‹ã‚’ã‚Š #å…³æ³¨å‘¨æ°ä¼¦è°¢è°¢å–µ,,1002,2022-11-25 00:27:04
51,peccc,,966,2022-11-23 18:16:02
52,Junior#å…³æ³¨å¤œç‹è‰è‰ä¸å–µ,,935,2022-11-26 11:27:37
53,Pervoskite11 # Saved,,868,2022-11-25 11:06:22
54,Skywalker,,834,2022-11-25 17:26:52
55,WJS #å·²ç»å¿˜è®°äº†è®ºæ–‡ddl,ï¼ˆæ–°ç”Ÿï¼‰,817,2022-11-25 11:44:53
56,liuyh,,817,2022-11-25 20:37:47
57,Ginkgo,,786,2022-11-20 19:40:29
58,greenhand_F,,706,2022-11-21 17:45:38
59,å¤±è´¥æ€»æ˜¯è´¯ç©¿äººç”Ÿå§‹ç»ˆ,,664,2022-11-23 22:04:18
60,HNYuuu,,632,2022-11-24 16:32:15
61,Ez3qwq,,615,2022-11-24 14:35:21
62,21,ï¼ˆæ–°ç”Ÿï¼‰,600,2022-11-25 22:16:09
63,ietf,,595,2022-11-20 17:40:53
64,octopus,ï¼ˆå¥³ç”Ÿï¼‰,581,2022-11-25 01:14:28
65,èµ«å°”è¾›æ ¹è«æ–¯è‚¯çš„é»‘æ›œçŸ³,,547,2022-11-19 16:37:59
66,å¥½æƒ³åš--ATP--å°å§çš„ç‹—å•Š,,538,2022-11-20 13:22:48
67,èœèœ,,535,2022-11-25 18:33:40
68,xipq,,502,2022-11-20 21:34:47
69,bessel,,496,2022-11-20 20:46:24
70,dybq,,467,2022-11-22 16:40:00
71,pkucs.top,,466,2022-11-21 00:34:16
72,Etaoin,,419,2022-11-19 17:09:12
73,EddieW,,419,2022-11-19 19:18:10
74,thrfirs,,419,2022-11-21 16:06:01
75,å°å…”å­å¾ˆçº ç»“,,391,2022-11-25 03:58:20
76,Mancer,,386,2022-11-25 20:08:46
77,paradisus_ #U+FFFD,ï¼ˆæ–°ç”Ÿï¼‰,346,2022-11-24 22:07:38
78,å°ç™½èœ,,339,2022-11-20 13:52:38
79,æˆ‘å¥½èœå•Š,,323,2022-11-25 22:55:37
80,Fourilace,,308,2022-11-22 18:13:01
81,universing,ï¼ˆå¥³ç”Ÿï¼‰,297,2022-11-25 20:07:02
82,yorustar,ï¼ˆæ–°ç”Ÿï¼‰,296,2022-11-19 22:28:03
83,sssskk,,296,2022-11-23 17:27:00
84,ghost,ï¼ˆå¥³ç”Ÿï¼‰,290,2022-11-24 19:33:29
85,ics001,,284,2022-11-20 12:32:36
86,mt19937,ï¼ˆæ–°ç”Ÿï¼‰,283,2022-11-20 23:11:30
87,ZelKnow,,266,2022-11-19 14:37:15
88,å˜‰ç„¶ä»Šå¤©åƒ4,,249,2022-11-19 16:17:38
89,runtime_error,ï¼ˆæ–°ç”Ÿï¼‰,244,2022-11-24 18:12:33
90,theRealAzisa,ï¼ˆæ–°ç”Ÿï¼‰,244,2022-11-24 18:19:46
91,undifined,,242,2022-11-20 17:27:26
92,duolapis,ï¼ˆæ–°ç”Ÿï¼‰,236,2022-11-25 09:08:18
93,windsky,,231,2022-11-25 01:45:01
94,yzh182,,215,2022-11-19 14:46:42
95,lyrig,,215,2022-11-20 18:22:29
96,dbdb,ï¼ˆå¥³ç”Ÿï¼‰,215,2022-11-20 19:05:34
97,emoairx,,200,2022-11-19 13:22:39
98,é›é¹°é£å¤©,,197,2022-11-23 04:02:08
99,jaspirit,,172,2022-11-26 10:16:49
100,namenick,,152,2022-11-24 16:43:40
